pathway	ntn
Overall	0.18801766666666664
Gynaecology	0.33769533333333324
Lower GI	0.26456
Upper GI	0.651675
Lung	-2.1381933333333336
RDC	-0.13767399999999985
